Workbook
Name ___Dia01: [1]!_xlbgnm.Dia01
Name ___Dia03: [1]!_xlbgnm.Dia03
Name ___Dia04: [1]!_xlbgnm.Dia04
Name __JOB2: #REF!
Name __JOB2: #REF!
Name _1Module1__2__.SetColor: #N/A
Name _1Module1__2__.SetColor: #N/A
Name _Dia01: [1]!_xlbgnm.Dia01
Name _Dia03: [1]!_xlbgnm.Dia03
Name _Dia04: [1]!_xlbgnm.Dia04
Name _JOB2: #REF!
Name _JOB2: #REF!
Name a: #REF!
Name a: #REF!
Name aa: #REF!
Name aa: #REF!
Name aaa: #REF!
Name aaa: #REF!
Name aaaa: #REF!
Name aaaa: #REF!
Name abc: #N/A
Name AD: '[2]Prod''s Info'!#REF!
Name AD: #REF!
Name asdfasdfgasdgfasdgf: #N/A
Name asdfasdfgasdgfasdgf: #N/A
Name b: #REF!
Name b: #REF!
Name bo: #REF!
Name bo: #REF!
Name Bom: #N/A
Name CEL_SELECT_SR45: [3]!CEL_SELECT_SR45
Name CEL_SELECT_SR46: [3]!CEL_SELECT_SR46
Name CEL_SELECT_SR47: [3]!CEL_SELECT_SR47
Name CEL_SELECT_SR48: [3]!CEL_SELECT_SR48
Name CEL_SELECT_SR49: [3]!CEL_SELECT_SR49
Name CEL_SELECT_ST4: [3]!CEL_SELECT_ST4
Name CEL_SELECT_ST5: [3]!CEL_SELECT_ST5
Name CEL_SELECT_ST6: [3]!CEL_SELECT_ST6
Name CEL_SELECT_ST7: [3]!CEL_SELECT_ST7
Name CEL_SELECT_ST8: [3]!CEL_SELECT_ST8
Name CEL_SELECT_ST9: [3]!CEL_SELECT_ST9
Name dddd: #REF!
Name dddd: #REF!
Name dfasdfasdf: #N/A
Name dfasdfasdf: #N/A
Name ｄｓｆ: #N/A
Name ｄｓｆ: #N/A
Name f_01: #REF!
Name f_01: #REF!
Name f_02: #REF!
Name f_02: #REF!
Name f_03: #REF!
Name f_03: #REF!
Name f_04: #REF!
Name f_04: #REF!
Name f_05: #REF!
Name f_05: #REF!
Name f_06: #REF!
Name f_06: #REF!
Name f_07: #REF!

Sheet Density-8digital code
A1: LV-Code | B1: Re-blend of | C1: SAP code | D1: Product Name | E1: Density @15
A2: LV-001 | C2: 30465008 | D2: =VLOOKUP(A2,'[2]Prod''s Info'!$A:$K,4,0) -> KAYABA OIL G-10 | E2: 0.8739
A3: LV-002 | C3: 30460130 | D3: SS7G HYDRAULIC FLUID | E3: 0.8712
A4: LV-003 | C4: 30460132 | D4: SS8G HYDRAULIC FLUID | E4: 0.8647
A5: LV-004 | C5: 34059004 | D5: =VLOOKUP(A5,'[2]Prod''s Info'!$A:$K,4,0) -> HONDA 4T SJ 10W-30 MA | E5: 0.8708
A6: LV-007 | C6: 34195015 | D6: =VLOOKUP(A6,'[2]Prod''s Info'!$A:$K,4,0) -> YAMALUBE 4T SJ 10W-40 MB | E6: 0.8656
A7: LV-009 | C7: 30305025 | D7: =VLOOKUP(A7,'[2]Prod''s Info'!$A:$K,4,0) -> IDEMITSU RACING GEAR GL-5 80W-90 | E7: 0.8854
A8: LV-010 | C8: 34059010 | D8: =VLOOKUP(A8,'[2]Prod''s Info'!$A:$K,4,0) -> HONDA 4T SJ 20W-40 MA | E8: 0.8824
A9: LV-012 | B9: LV-179 | C9: 34215008 | D9: =VLOOKUP(A9,'[2]Prod''s Info'!$A:$K,4,0) -> MITSUBISHI GASOLINE ENGINE OIL SM/CF 10W-40 SUPER | E9: 0.8531
A10: LV-013 | C10: 32050333 | D10: =VLOOKUP(A10,'[2]Prod''s Info'!$A:$K,4,0) -> DAPHNE SUPER GEAR OIL 150 | E10: 0.8872
A11: LV-014 | C11: 32050359 | D11: =VLOOKUP(A11,'[2]Prod''s Info'!$A:$K,4,0) -> DAPHNE SUPER GEAR OIL 220 | E11: 0.8938
A12: LV-015 | C12: 32050375 | D12: =VLOOKUP(A12,'[2]Prod''s Info'!$A:$K,4,0) -> DAPHNE SUPER GEAR OIL 320 | E12: 0.9001
A13: LV-018 | C13: 32240106 | D13: =VLOOKUP(A13,'[2]Prod''s Info'!$A:$K,4,0) -> DAPHNE SUPER HYDRO 32A | E13: 0.858
A14: LV-019 | C14: 32240116 | D14: =VLOOKUP(A14,'[2]Prod''s Info'!$A:$K,4,0) -> DAPHNE SUPER HYDRO 46A | E14: 0.8652
A15: LV-020 | C15: 32240122 | D15: =VLOOKUP(A15,'[2]Prod''s Info'!$A:$K,4,0) -> DAPHNE SUPER HYDRO 68A | E15: 0.8725
A16: LV-021 | C16: 32310138 | D16: =VLOOKUP(A16,'[2]Prod''s Info'!$A:$K,4,0) -> DAPHNE MECHANIC OIL 68 | E16: 0.8694
A17: LV-022 | C17: 32310113 | D17: =VLOOKUP(A17,'[2]Prod''s Info'!$A:$K,4,0) -> DAPHNE MECHANIC OIL 32 | E17: 0.8554
A18: LV-023 | C18: 32295008 | D18: =VLOOKUP(A18,'[2]Prod''s Info'!$A:$K,4,0) -> DAPHNE MULTIWAY 68MT | E18: 0.8831
A19: LV-024 | C19: 32280248 | D19: =VLOOKUP(A19,'[2]Prod''s Info'!$A:$K,4,0) -> DAPHNE SUPER MULTI OIL 32 | E19: 0.8552
A20: LV-025 | C20: 32280264 | D20: =VLOOKUP(A20,'[2]Prod''s Info'!$A:$K,4,0) -> DAPHNE SUPER MULTI OIL 68 | E20: 0.8712
A21: LV-026 | C21: 32353408 | D21: =VLOOKUP(A21,'[2]Prod''s Info'!$A:$K,4,0) -> DAPHNE SUPER TURBINE OIL MG32 | E21: 0.8442
... A25: LV-030 | C25: 32690117 | D25: =VLOOKUP(A25,'[2]Prod''s Info'!$A:$K,4,0) -> DAPHNE HI-TEMP OIL A | E25: 0.8918
A26: LV-034 | B26: LV-001 | C26: 34195016 | D26: =VLOOKUP(A26,'[2]Prod''s Info'!$A:$K,4,0) -> YAMALUBE FRONT FORK OIL G-10 | E26: 0.8739
A27: LV-036 | B27: LV-020 | C27: 32245013 | D27: =VLOOKUP(A27,'[2]Prod''s Info'!$A:$K,4,0) -> KOBELCO GENUINE HYDRAULIC OIL #68 | E27: 0.8725
A28: LV-038 | C28: 32690269 | D28: =VLOOKUP(A28,'[2]Prod''s Info'!$A:$K,4,0) -> DAPHNE HI-TEMP OIL AM | E28: 0.8903
A29: LV-039 | C29: 30185008 | D29: =VLOOKUP(A29,'[2]Prod''s Info'!$A:$K,4,0) -> APOLLOIL MULTI RUNNER DH-1 15W-40 | E29: 0.8792
A30: LV-040 | B30: LV-039 | C30: 34185034 | D30: =VLOOKUP(A30,'[2]Prod''s Info'!$A:$K,4,0) -> KOBELCO GENUINE DIESEL ENGINE OIL DH-1 15W-40 | E30: 0.8792
A31: LV-042 | B31: JA-151 | C31: 34055046 | D31: =VLOOKUP(A31,'[2]Prod''s Info'!$A:$K,4,0) -> ACURA POWER STEERING FLUID | E31: 0.8554
A32: LV-044 | C32: 34051530 | D32: HONDA ULTRA LEO SP 0W-20 | E32: 0.8459
A33: LV-045 | B33: LV-135 | C33: 34050024 | D33: =VLOOKUP(A33,'[2]Prod''s Info'!$A:$K,4,0) -> ACURA ATF DW-1 | E33: 0.8513
A34: LV-046 | C34: 34155022 | D34: =VLOOKUP(A34,'[2]Prod''s Info'!$A:$K,4,0) -> MAZDA GOLDEN ECO SM 0W-20 | E34: 0.8521
A35: LV-052 | C35: 34055094 | D35: =VLOOKUP(A35,'[2]Prod''s Info'!$A:$K,4,0) -> HONDA VTEC LEV SL 5W-40 FULLY SYN. | E35: 0.8488
A36: LV-053 | C36: 34151178 | D36: =VLOOKUP(A36,'[2]Prod''s Info'!$A:$K,4,0) -> MAZDA ATF M-V | E36: 0.8616
A37: LV-054 | C37: 34150423 | D37: =VLOOKUP(A37,'[2]Prod''s Info'!$A:$K,4,0) -> MAZDA ATF FZ | E37: 0.8512
A38: LV-055 | C38: 34055099 | D38: =VLOOKUP(A38,'[2]Prod''s Info'!$A:$K,4,0) -> HONDA GENUINE OIL SM OW-20 | E38: 0.85
A39: LV-056 | C39: 30460213 | D39: =VLOOKUP(A39,'[2]Prod''s Info'!$A:$K,4,0) -> KAYABA No.3 I-2 HYDRAULIC FLUID | E39: 0.8816
A40: LV-061 | C40: 30041107 | D40: IDEMITSU MULTI CVTF | E40: 0.8525
A41: LV-062 | C41: 30305030 | D41: =VLOOKUP(A41,'[2]Prod''s Info'!$A:$K,4,0) -> IDEMITSU GEAR GL-4 90 | E41: 0.8953
A42: LV-063 | C42: 30305031 | D42: =VLOOKUP(A42,'[2]Prod''s Info'!$A:$K,4,0) -> IDEMITSU GEAR GL-4 1 40 | E42: 0.9023
A43: LV-064 | C43: 30305043 | D43: =VLOOKUP(A43,'[2]Prod''s Info'!$A:$K,4,0) -> IDEMITSU GEAR GL-5 90 | E43: 0.8971
A44: LV-065 | C44: 30305041 | D44: =VLOOKUP(A44,'[2]Prod''s Info'!$A:$K,4,0) -> IDEMITSU GEAR GL-5 140 | E44: 0.9096
A45: LV-066 | B45: LV-009 | C45: 30305042 | D45: =VLOOKUP(A45,'[2]Prod''s Info'!$A:$K,4,0) -> IDEMITSU GEAR GL-5 80W-90 | E45: 0.8854
A46: LV-067 | C46: 30175012 | D46: =VLOOKUP(A46,'[2]Prod''s Info'!$A:$K,4,0) -> IDEMITSU DIESEL CF-4/SG 15W-40 | E46: 0.8701
A47: LV-071 | C47: 30175040 | D47: =VLOOKUP(A47,'[2]Prod''s Info'!$A:$K,4,0) -> IDEMITSU RACING DIESEL CH-4/SJ 15W-50(SEMI-SYN) | E47: 0.8747
A48: LV-072 | B48: LV-039 | C48: 30185011 | D48: =VLOOKUP(A48,'[2]Prod''s Info'!$A:$K,4,0) -> IDEMITSU EXTREME DIESEL DH-1 15W-40 | E48: 0.8792
A49: LV-081 | C49: 30095012 | D49: =VLOOKUP(A49,'[2]Prod''s Info'!$A:$K,4,0) -> IDEMITSU RACING 4T SJ 40 | E49: 0.8885
A50: LV-082 | B50: LV-004 | C50: 30095004 | D50: =VLOOKUP(A50,'[2]Prod''s Info'!$A:$K,4,0) -> IDEMITSU 4T MAX ECO SJ/MA 10W-30 | E50: 0.8708
A51: LV-083 | C51: 30180157 | D51: =VLOOKUP(A51,'[2]Prod''s Info'!$A:$K,4,0) -> IDEMITSU DIESEL CLEAN CJ-4 15W-40 | E51: 0.876
A52: LV-089 | B52: LV-081 | C52: 30095005 | D52: =VLOOKUP(A52,'[2]Prod''s Info'!$A:$K,4,0) -> IDEMITSU 4T MAX SJ 40 | E52: 0.8885
A53: LV-093 | B53: LV-011 | C53: 30175011 | D53: =VLOOKUP(A53,'[2]Prod''s Info'!$A:$K,4,0) -> IDEMITSU DIESEL CF/SG 5W-30 | E53: 0.8528
A54: LV-096 | B54: LV-071 | C54: 30075031 | D54: =VLOOKUP(A54,'[2]Prod''s Info'!$A:$K,4,0) -> IDEMITSU DIESEL CH-4/SJ 15W-50 SEMI-SYNTHTIC | E54: 0.8747
A55: LV-098 | C55: 32055104 | D55: =VLOOKUP(A55,'[2]Prod''s Info'!$A:$K,4,0) -> DAPHNE GEAR LUBE 220 | E55: 0.8948
A56: LV-099 | C56: 32050616 | D56: =VLOOKUP(A56,'[2]Prod''s Info'!$A:$K,4,0) -> DAPHNE GEAR OIL 680 | E56: 0.9042
A57: LV-101 | C57: 32230324 | D57: =VLOOKUP(A57,'[2]Prod''s Info'!$A:$K,4,0) -> DAPHNE FLUID EX 32 | E57: 0.857
A58: LV-102 | C58: 32675003 | D58: =VLOOKUP(A58,'[2]Prod''s Info'!$A:$K,4,0) -> DAPHNE MAGPLUS LA10 | E58: 0.8363
A59: LV-103 | C59: 32685018 | D59: =VLOOKUP(A59,'[2]Prod''s Info'!$A:$K,4,0) -> DAPHNE MAGPLUS SLA10 | E59: 0.8449
A60: LV-104 | C60: 32056104 | D60: =VLOOKUP(A60,'[2]Prod''s Info'!$A:$K,4,0) -> DAPHNE GEAR LUBE 100 | E60: 0.887
A61: LV-105 | C61: 32056105 | D61: =VLOOKUP(A61,'[2]Prod''s Info'!$A:$K,4,0) -> DAPHNE GEAR LUBE 150 | E61: 0.8913
A62: LV-106 | C62: 32056106 | D62: =VLOOKUP(A62,'[2]Prod''s Info'!$A:$K,4,0) -> DAPHNE GEAR LUBE 320 | E62: 0.8982
A63: LV-107 | C63: 32056107 | D63: =VLOOKUP(A63,'[2]Prod''s Info'!$A:$K,4,0) -> DAPHNE GEAR LUBE 460 | E63: 0.9012
A64: LV-108 | C64: 32055008 | D64: =VLOOKUP(A64,'[2]Prod''s Info'!$A:$K,4,0) -> DAPHNE GEAR LUBE 68 | E64: 0.8831
A65: LV-109 | C65: 32230332 | D65: =VLOOKUP(A65,'[2]Prod''s Info'!$A:$K,4,0) -> DAPHNE FLUID EX 46 | E65: 0.8779
A66: LV-110 | C66: 32230342 | D66: =VLOOKUP(A66,'[2]Prod''s Info'!$A:$K,4,0) -> DAPHNE FLUID EX 68 | E66: 0.8817
... A68: LV-113 | C68: 32315008 | D68: =VLOOKUP(A68,'[2]Prod''s Info'!$A:$K,4,0) -> DAPHNE MECHANIC OIL 46 | E68: 0.8612
A69: LV-116 | C69: 34195018 | D69: YAMALUBE 4T SL 20W-50 MA | E69: 0.8851
A70: LV-122 | C70: 34187001 | D70: =VLOOKUP(A70,'[2]Prod''s Info'!$A:$K,4,0) -> MOLYGREEN 4CYCLE MA 10W-40 | E70: 0.8681
A71: LV-124 | B71: LV-149 | C71: 34015054 | D71: =VLOOKUP(A71,'[2]Prod''s Info'!$A:$K,4,0) -> NISSAN MOTOR OIL SN 5W-30 FULLY SYNTHETIC | E71: 0.8527
A72: LV-125 | B72: LV-062 | C72: 34185035 | D72: =VLOOKUP(A72,'[2]Prod''s Info'!$A:$K,4,0) -> KOBELCO GENUINE GEAR OIL GL-4 90 | E72: 0.8953
A73: LV-126 | C73: 34055095 | D73: =VLOOKUP(A73,'[2]Prod''s Info'!$A:$K,4,0) -> HONDA GENUINE OIL SN 0W-30 F-S | E73: 0.8464
A74: LV-128 | C74: 34014575 | D74: =VLOOKUP(A74,'[2]Prod''s Info'!$A:$K,4,0) -> NISSAN MATIC FLUID D | E74: 0.8679
A75: LV-130 | B75: LV-044 | C75: 34055190 | D75: =VLOOKUP(A75,'[2]Prod''s Info'!$A:$K,4,0) -> HONDA GENUINE OIL SN 0W-20 | E75: 0.8459
A76: LV-131 | C76: 34052014 | D76: =VLOOKUP(A76,'[2]Prod''s Info'!$A:$K,4,0) -> HONDA HCF-2 | E76: 0.8539
A77: LV-134 | C77: 36110931 | D77: =VLOOKUP(A77,'[2]Prod''s Info'!$A:$K,4,0) -> DIANA FRESIA S-32 | E77: 0.8541
A78: LV-138 | C78: 34070105 | D78: =VLOOKUP(A78,'[2]Prod''s Info'!$A:$K,4,0) -> SUBARU ATF | E78: 0.8648
A79: LV-140 | C79: 34195019 | D79: YAMALUBE 4T SJ 20W-40 MA | E79: 0.8784
A80: LV-145 | C80: 30075033 | D80: =VLOOKUP(A80,'[2]Prod''s Info'!$A:$K,4,0) -> IDEMITSU DIESEL ECO CJ-4/DH-2 5W-30 FULL-SYN | E80: 0.8568
A81: LV-146 | B81: LV-090 | C81: 34215013 | D81: =VLOOKUP(A81,'[2]Prod''s Info'!$A:$K,4,0) -> MITSUBISHI GENUINE OIL SM/CF 5W-40 FULLY SYNTHETIC | E81: 0.8537
A82: LV-147 | B82: LV-179 | C82: 34215014 | D82: =VLOOKUP(A82,'[2]Prod''s Info'!$A:$K,4,0) -> MITSUBISHI GENUINE OIL CF 10W-40 FULLY SYNTHETIC | E82: 0.8531
A83: LV-149 | C83: 30021326 | D83: =VLOOKUP(A83,'[2]Prod''s Info'!$A:$K,4,0) -> IDEMITSU SN 5W-30 FULLY-SYNTHETIC | E83: 0.8527
A84: LV-151 | C84: 30175015 | D84: =VLOOKUP(A84,'[2]Prod''s Info'!$A:$K,4,0) -> IDEMITSU DIESEL CJ-4/SM 15W-40 | E84: 0.876
A85: LV-152 | C85: 30455013 | D85: =VLOOKUP(A85,'[2]Prod''s Info'!$A:$K,4,0) -> IDEMITSU CVTF | E85: 0.8525
A86: LV-155 | B86: LV-031 | C86: 30450042 | D86: =VLOOKUP(A86,'[2]Prod''s Info'!$A:$K,4,0) -> IDEMITSU MTF | E86: 0.8802
A87: LV-157 | C87: 30021327 | D87: =VLOOKUP(A87,'[2]Prod''s Info'!$A:$K,4,0) -> IDEMITSU SN 5W-30 SEMI-SYNTHETIC | E87: 0.8604
A88: LV-160 | C88: 30095014 | D88: =VLOOKUP(A88,'[2]Prod''s Info'!$A:$K,4,0) -> IDEMITSU 4T SJ 40 | E88: 0.8899
A89: LV-161 | B89: LV-004 | C89: 30095015 | D89: =VLOOKUP(A89,'[2]Prod''s Info'!$A:$K,4,0) -> IDEMITSU 4T SJ /MA 10W-30 | E89: 0.8708
A90: LV-163 | B90: LV-145 | C90: 30075034 | D90: =VLOOKUP(A90,'[2]Prod''s Info'!$A:$K,4,0) -> IDEMITSU DIESEL CJ-4/DH-2 5W-30 FULLY-SYNTHETIC | E90: 0.8568
A91: LV-164 | C91: 32245020 | D91: =VLOOKUP(A91,'[2]Prod''s Info'!$A:$K,4,0) -> HITACHI GEUINE HYDRAULIC OIL 46TP | E91: 0.8684
A92: LV-167 | C92: 34185028 | D92: =VLOOKUP(A92,'[2]Prod''s Info'!$A:$K,4,0) -> HITACHI GENUINE GEAR OIL GL-4 90 | E92: 0.8953
A93: LV-168 | C93: 34180462 | D93: =VLOOKUP(A93,'[2]Prod''s Info'!$A:$K,4,0) -> HITACHI PREMIUM ORANGE 15W-40 | E93: 0.8784
A94: LV-169 | C94: 32612887 | D94: =VLOOKUP(A94,'[2]Prod''s Info'!$A:$K,4,0) -> DAPHNE CUT HS-32 | E94: 0.8641
A95: LV-170 | C95: 30180153 | D95: =VLOOKUP(A95,'[2]Prod''s Info'!$A:$K,4,0) -> ID DIESEL CI-4/DH-1 15W-40 | E95: 0.874
A96: LV-173 | C96: 30175014 | D96: =VLOOKUP(A96,'[2]Prod''s Info'!$A:$K,4,0) -> IDEMITSU DIESEL CF-4/SG 10W-30 | E96: 0.8701
A97: LV-175 | C97: 30305034 | D97: =VLOOKUP(A97,'[2]Prod''s Info'!$A:$K,4,0) -> IDEMITSU GEAR GL-4 80W | E97: 0.8812
A98: LV-177 | C98: 32611939 | D98: =VLOOKUP(A98,'[2]Prod''s Info'!$A:$K,4,0) -> DAPHNE CUT HL-25 | E98: 0.785
A99: LV-178 | B99: LV-149 | C99: 34215015 | D99: =VLOOKUP(A99,'[2]Prod''s Info'!$A:$K,4,0) -> MITSUBISHI GENUINE OIL SM 5W-30 FULLY SYNTHETIC | E99: 0.8527
A100: LV-179 | C100: 30015046 | D100: =VLOOKUP(A100,'[2]Prod''s Info'!$A:$K,4,0) -> IDEMITSU SN/CF 5W-40 FULLY-SYNTHETIC | E100: 0.8531
A101: LV-180 | C101: 30015045 | D101: =VLOOKUP(A101,'[2]Prod''s Info'!$A:$K,4,0) -> ID SN/CF 10W-40 SEMI-SYN | E101: 0.8531
A102: LV-181 | C102: 32925005 | D102: =VLOOKUP(A102,'[2]Prod''s Info'!$A:$K,4,0) -> DAPHNE CLEANER SH | E102: 0.795
A103: LV-182 | C103: 32921023 | D103: =VLOOKUP(A103,'[2]Prod''s Info'!$A:$K,4,0) -> DAPHNE ALPHA CLEANER H | E103: 0.785
A104: LV-183 | C104: 31200118 | D104: =VLOOKUP(A104,'[2]Prod''s Info'!$A:$K,4,0) -> DAPHNE MARINE OIL SX30 | E104: 0.8868
...
